,Organization,CollabCount
0,Chulalongkorn University,1247
1,Mahidol University,72
2,King Chulalongkorn Memorial Hospital,55
3,University of California,44
4,Thai Red Cross Society,33
5,University of Michigan–Ann Arbor,30
6,Chiang Mai University,25
7,Siriraj Hospital,23
8,Khon Kaen University,23
9,Silpakorn University,22
10,National Institutes of Health,22
11,University of Malaya,22
12,Prince of Songkla University,20
13,National Taiwan University Hospital,19
14,Kasetsart University,18
15,King Mongkut's University of Technology Thonburi,18
16,National Nanotechnology Center,17
17,National Science and Technology Development Agency,16
18,National University of Singapore,16
19,Chinese University of Hong Kong,16
20,Ramathibodi Hospital,16
21,University of Sydney,16
22,University of Hong Kong,16
23,UNSW Sydney,15
24,University of Johannesburg,15
25,Mayo Clinic,14
26,Srinakharinwirot University,14
27,University of Washington,13
28,San Francisco,13
29,National Center for Genetic Engineering and Biotechnology,13
30,King Mongkut's University of Technology North Bangkok,13
31,HIV Netherlands Australia Thailand Research Collaboration,13
32,National Electronics and Computer Technology Center,13
33,Education University of Hong Kong,13
34,Petromat,12
35,Thammasat University,12
36,University of Melbourne,12
37,Deakin University,12
38,Emory University,11
39,Karolinska Institutet,11
40,Chinese Academy of Sciences,11
41,Singapore General Hospital,11
42,Johns Hopkins University,11
43,University of Oxford,11
44,University of Alberta,11
45,King Mongkut's Institute of Technology Ladkrabang,10
46,All India Institute of Medical Sciences,10
47,Harvard University,9
48,Riverside,9
49,Yonsei University,9
50,University of Amsterdam,9
51,Universidade Estadual de Campinas (UNICAMP),9
52,The University of Tokyo,9
53,Stanford University,9
54,University of Indonesia,9
55,University of Helsinki,9
56,Kyoto University,9
57,University College London,9
58,Philippine General Hospital,8
59,University of New Mexico,8
60,Case Western Reserve University,8
61,University of North Carolina at Chapel Hill,8
62,Davis,8
63,Inserm,8
64,University of Queensland,8
65,Queen Mary University of London,8
66,Mayo Clinic in Florida,8
67,KU Leuven,8
68,Mayo Clinic in Arizona,7
69,Monash University,7
70,Sungkyunkwan University,7
71,Japan Science and Technology Agency,7
72,Thailand National Metal and Materials Technology Center,7
73,WinnMed,7
74,Samsung Medical Center,7
75,University of Pennsylvania,7
76,Taipei Veterans General Hospital,7
77,Peking University,7
78,Nagoya University,7
79,Joint Graduate School of Energy and Environment,7
80,University of Milan,7
81,National and Kapodistrian University of Athens,7
82,National Taiwan University,7
83,The Kids Research Institute Australia,7
84,Hospital de Clínicas de Porto Alegre,7
85,West Virginia University,7
86,Institut d'Investigació Biomédica de Bellvitge,7
87,Institut Català d'Oncologia,7
88,Tokyo Medical and Dental University,7
89,Väestöliitto,7
90,Sexual Health Clinic,7
91,University of Santo Tomas,7
92,Mexican Social Security Institute,7
93,Tampere University,7
94,University of Ulsan,7
95,GlaxoSmithKline (United States),7
96,Los Angeles,6
97,Centre National de la Recherche Scientifique,6
98,University of Colombo,6
99,University of Illinois Chicago,6
100,University of Pittsburgh,6
101,National Institute for Occupational Safety and Health,6
102,Uppsala University,6
103,Massachusetts General Hospital,6
104,Macquarie University,6
105,Universidade Estadual de Londrina,6
106,Suranaree University of Technology,6
107,University of Manitoba,6
108,Stiftung Juliusspital,6
109,National Institute of Allergy and Infectious Diseases,6
110,Ramkhamhaeng University,6
111,Vanderbilt University,6
112,University of Hawaiʻi at Mānoa,6
113,National Yang Ming Chiao Tung University,6
114,Hokkaido University,6
115,Changi General Hospital,6
116,St Mary's Hospital,6
117,University of Southern California,6
118,University of Edinburgh,6
119,Tan Tock Seng Hospital,6
120,University of Minnesota,6
121,Queen Mary Hospital,6
122,Academic Medical Center,6
123,Burapha University,6
124,Rangsit University,5
125,Universidade Federal do Rio Grande do Sul,5
126,San Diego,5
127,Peking Union Medical College Hospital,5
128,University of Wisconsin–Madison,5
129,Yale University,5
130,Naresuan University,5
131,World Health Organization,5
132,Ohio Pediatric Research Association,5
133,Mahidol Oxford Tropical Medicine Research Unit,5
134,Northwestern University,5
135,Manchester Academic Health Science Centre,5
136,Mahanakorn University of Technology,5
137,Université de Montréal,5
138,Maastricht University,5
139,Prince of Wales Hospital,5
140,Rajavithi Hospital,5
141,Kyoto Institute of Technology,5
142,Novartis (Switzerland),5
143,GlaxoSmithKline (Belgium),5
144,American Cancer Society,5
145,Chiba University,5
146,Centers for Disease Control and Prevention,5
147,Sanjay Gandhi Post Graduate Institute of Medical Sciences,5
148,University of Toronto,5
149,Post Graduate Institute of Medical Education and Research,5
150,Utrecht University,5
151,Kwansei Gakuin University,5
152,Seoul National University,5
153,University of Illinois Urbana-Champaign,5
154,National University Health System,5
155,University of Copenhagen,5
156,Fudan University,5
157,Makati Medical Center,5
158,Imperial College London,5
159,Kansai University,5
160,Center of Excellence on Hazardous Substance Management,5
161,Aarhus University,5
162,Asan Medical Center,4
163,University of Chicago,4
164,Technology and Research,4
165,National Cancer Center,4
166,Cleveland Clinic,4
167,Agency for Science,4
168,University of London,4
169,Centre de Coopération Internationale en Recherche Agronomique pour le Développement,4
170,University of Leeds,4
171,International Institute for Applied Systems Analysis,4
172,University of Kelaniya,4
173,National Institute of Dental and Craniofacial Research,4
174,Hospital Kuala Lumpur,4
175,Ho Chi Minh City Medicine and Pharmacy University,4
176,Christian Medical College & Hospital,4
177,Fundación Huésped,4
178,Queen Saovabha Memorial Institute,4
179,Ocean University of China,4
180,Yanshan University,4
181,National Institute of Infectious Diseases,4
182,Vanderbilt University Medical Center,4
183,St Vincent's Hospital Sydney,4
184,Mount Sinai Hospital,4
185,Jichi Medical University,4
186,Curtin University,4
187,Westmead Hospital,4
188,University of Miami,4
189,Ministry of Public Health,4
190,Sun Yat-sen University,4
191,Academic Center for Dentistry Amsterdam,4
192,University of Adelaide,4
193,Brigham and Women's Hospital,4
194,University of Massachusetts Boston,4
195,Murdoch Children's Research Institute,4
196,Tokyo Institute of Technology,4
197,GTx (United States),4
198,Tohoku University,4
199,Ministry of Education,4
200,Japan Advanced Institute of Science and Technology,4
201,University of Oklahoma,4
202,Florey Institute of Neuroscience and Mental Health,4
203,National Human Genome Research Institute,4
204,Tufts University,4
205,Dartmouth College,4
206,University of Western Australia,4
207,Erasmus MC,4
208,Dana-Farber Cancer Institute,4
209,Cambodia National Malaria Center,4
210,Phramongkutklao Hospital,4
211,Karolinska University Hospital,4
212,Chinese Academy of Medical Sciences & Peking Union Medical College,4
213,Ankara University,4
214,Columbia University,4
215,Université Claude Bernard Lyon 1,4
216,Kyushu University,4
217,Royal Women's Hospital,4
218,Anhui Medical University,3
219,Chang Gung University,3
220,Seoul National University Bundang Hospital,3
221,Ministry of Health,3
222,University of Auckland,3
223,Ulsan College,3
224,University of Lagos,3
225,Chang Gung Children's Hospital,3
226,Garrahan Hospital,3
227,Massachusetts Institute of Technology,3
228,Narayana Health,3
229,St. Elizabeth's Medical Center,3
230,Nagasaki University,3
231,Hôpital Saint-Louis,3
232,Assistance Publique – Hôpitaux de Paris,3
233,University of Rwanda,3
234,University of Colorado Denver,3
235,Osaka Medical Center for Cancer and Cardiovascular Diseases,3
236,Shandong University,3
237,University of Mississippi Medical Center,3
238,Pamela Youde Nethersole Eastern Hospital,3
239,Harvard University Press,3
240,Renji Hospital,3
241,Medical University of Lodz,3
242,Centro de Ingeniería Genética y Biotecnología,3
243,Yeshiva University,3
244,Cornell University,3
245,San Francisco VA Medical Center,3
246,Commonwealth Scientific and Industrial Research Organisation,3
247,East China Normal University,3
248,Indian Council of Medical Research,3
249,Universitat Autònoma de Barcelona,3
250,Michigan State University,3
251,Jacksonville College,3
252,Louisiana State University,3
253,National Hospital of Pediatrics,3
254,Capital Medical University,3
255,Flinders University,3
256,Children's National,3
257,Institute of Liver and Biliary Sciences,3
258,National Institute of Informatics,3
259,Aga Khan University Hospital,3
260,Hospital for Tropical Diseases,3
261,Royal College of General Practitioners,3
262,Boromarajonani College of Nursing,3
263,Centre International de Recherche sur le Cancer,3
264,University of Zurich,3
265,Seattle University,3
266,Asia Centre,3
267,Stockholm Environment Institute,3
268,GlaxoSmithKline (United Kingdom),3
269,Public Health Institute,3
270,City University of Hong Kong,3
271,Orygen Youth Health,3
272,University of the Philippines System,3
273,Pontificia Universidad Javeriana,3
274,Arizona State University,3
275,Universidad de Los Andes,3
276,National Defense Medical College,3
277,University of Chile,3
278,Lund University,3
279,Nanyang Technological University,3
280,Singapore Management University,3
281,Amsterdam Institute for Global Health and Development,3
282,Westerdijk Fungal Biodiversity Institute,3
283,Ospedale San Bortolo,3
284,Sapienza University of Rome,3
285,Bangkok Hospital,3
286,Jiangsu Province Hospital,3
287,Nanjing Medical University,3
288,Pennsylvania State University,3
289,Washington University in St. Louis,3
290,University of Phayao,3
291,Asian Institute of Gastroenterology,3
292,Govind Ballabh Pant Hospital,3
293,Population Council,3
294,Rajamangala University of Technology Isan,3
295,Chulabhorn Research Institute,3
296,Huazhong University of Science and Technology,3
297,Fundação Oswaldo Cruz,3
298,Colorado State University,3
299,Institute for Molecular Science,3
300,Medical University of Warsaw,3
301,Roche (Switzerland),3
302,University of Utah,3
303,National Institute of Diabetes and Digestive and Kidney Diseases,3
304,University of Sheffield,3
305,Eijkman Institute for Molecular Biology,3
306,Institute for Health Metrics and Evaluation,3
307,American University of Beirut,3
308,Liverpool John Moores University,3
309,The University of Texas MD Anderson Cancer Center,3
310,Istituti di Ricovero e Cura a Carattere Scientifico,3
311,Clinica Universidad de Navarra,3
312,Irmandade da Santa Casa de Misericórdia de São Paulo,3
313,Seoul National University Hospital,3
314,Alexandria University,3
315,National Cancer Institute,3
316,University of Otago,3
317,Sorbonne Université,3
318,Centre Hospitalier Universitaire de Nantes,3
319,Gangnam Severance Hospital,3
320,University of Cape Town,3
321,Catholic University of Korea,3
322,The Royal Free Hospital,3
323,RIKEN BioResource Research Center,3
324,University of KwaZulu-Natal,3
325,Shanghai Jiao Tong University,3
326,University of Nottingham,3
327,Novartis (France),3
328,Universitätsklinikum Würzburg,3
329,Kaohsiung Chang Gung Memorial Hospital,3
330,Rigshospitalet,3
331,Concord Repatriation General Hospital,3
332,Heidelberg University,3
333,Bambino Gesù Children's Hospital,3
334,Concord Hospital,3
335,Erasmus University Rotterdam,3
336,Royal Children's Hospital,3
337,University of Würzburg,3
338,Osaka University,3
339,Eunice Kennedy Shriver National Institute of Child Health and Human Development,3
340,TU Dresden,3
341,Canberra Hospital,2
342,University of Cambridge,2
343,Kuma Hospital,2
344,Westmead Institute for Medical Research,2
345,Box Hill Hospital,2
346,Boston University,2
347,McMaster University,2
348,The University of Texas Health Science Center at Houston,2
349,Naresuan University Hospital,2
350,Hadassah Medical Center,2
351,University of Chinese Academy of Sciences,2
352,Ubon Ratchathani University,2
353,Philadelphia University,2
354,Da Nang Hospital,2
355,National Cancer Centre Singapore,2
356,Cape Cod Hospital,2
357,Noguchi Thyroid Clinic and Hospital Foundation,2
358,George Washington University,2
359,Meijo University,2
360,Institut Pasteur,2
361,Kindai University,2
362,World Health Organization - Pakistan,2
363,International Centre for Diarrhoeal Disease Research,2
364,University Medical Center Utrecht,2
365,University of Florida,2
366,HCMC Hospital of Dermato Venereology,2
367,Roswell Park Comprehensive Cancer Center,2
368,Sun Yat-sen University Cancer Center,2
369,State University of New York,2
370,Teikyo University,2
371,Twin Cities Orthopedics,2
372,Universiti Malaysia Sarawak,2
373,Berkeley,2
374,Wellcome Sanger Institute,2
375,Oita University,2
376,Bangkok University,2
377,Maejo University,2
378,National Heart Lung and Blood Institute,2
379,John Radcliffe Hospital,2
380,Tohoku Medical and Pharmaceutical University,2
381,Asian Institute of Technology,2
382,University at Buffalo,2
383,Norwegian University of Science and Technology,2
384,Tokyo Medical University,2
385,German Cancer Research Center,2
386,Kaohsiung Veterans General Hospital,2
387,Ministry of Science and Technology Thailand,2
388,University of Minnesota System,2
389,Kitasato University,2
390,Mulawarman University,2
391,Universität Innsbruck,2
392,Chonburi Hospital,2
393,University of Santo Tomas Hospital,2
394,University of Hawaii System,2
395,Save the Children,2
396,Norwegian Institute of Public Health,2
397,QIMR Berghofer Medical Research Institute,2
398,Bamrasnaradura Infectious Diseases Institute,2
399,University of Toyama,2
400,Universidad de Costa Rica,2
401,Seoul St. Mary's Hospital,2
402,Oregon State University,2
403,Walter Reed Army Institute of Research,2
404,Korea National Institute of Health,2
405,Université de Montpellier,2
406,University of Ljubljana,2
407,Manipal,2
408,Manipal Academy of Higher Education,2
409,Universidade Federal do Rio de Janeiro,2
410,Hiroshima University,2
411,Princess Alexandra Hospital,2
412,St Vincent's Hospital,2
413,University of Duisburg-Essen,2
414,University of Cologne,2
415,Kasturba Medical College,2
416,Suan Sunandha Rajabhat University,2
417,Niigata University,2
418,McGill University,2
419,Peking University First Hospital,2
420,The University of Texas Medical Branch at Galveston,2
421,Sterling Hospitals,2
422,West China Hospital of Sichuan University,2
423,Royal Melbourne Hospital,2
424,KK Women's and Children's Hospital,2
425,Indiana University – Purdue University Indianapolis,2
426,East Yangon General Hospital,2
427,Rajamangala University of Technology,2
428,Children's Hospital at Westmead,2
429,Centre Hospitalier Universitaire de Bordeaux,2
430,Royal Brisbane and Women's Hospital,2
431,Rega Institute for Medical Research,2
432,Sichuan University,2
433,International Renal Research Institute of Vicenza,2
434,Department of Livestock Development,2
435,Pediatric Nephrology of Alabama,2
436,Cancer Research Center,2
437,Duke-NUS Medical School,2
438,Pacific Northwest National Laboratory,2
439,Guangzhou Medical University,2
440,Wuhan Botanical Garden,2
441,Tokyo University of Agriculture,2
442,Amsterdam UMC Location VUmc,2
443,Korea Research Institute of Bioscience and Biotechnology,2
444,Tokyo University of Marine Science and Technology,2
445,Instituto Evandro Chagas,2
446,Juntendo University,2
447,National Cancer Institute of Thailand,2
448,AIDS Vancouver,2
449,Second Military Medical University,2
450,Wageningen University & Research,2
451,Baltimore,2
452,National Institute of Advanced Industrial Science and Technology,2
453,University of Bonn,2
454,University of Maryland,2
455,University of Bristol,2
456,Lagos University Teaching Hospital,2
457,Johns Hopkins Medicine,2
458,North Dakota State University,2
459,Sahlgrenska University Hospital,2
460,Kaohsiung Medical University,2
461,Institute for Infocomm Research,2
462,Huashan Hospital,2
463,Anhui Provincial Hospital,2
464,Queen Elizabeth Hospital,2
465,Tuen Mun Hospital,2
466,Shanghai Institutes for Biological Sciences,2
467,Dhurakij Pundit University,2
468,Charité - Universitätsmedizin Berlin,2
469,Hospital Clínic de Barcelona,2
470,University of Bradford,2
471,École Polytechnique Fédérale de Lausanne,2
472,Kobe University,2
473,Université Européenne de Bretagne,2
474,Pediatrics and Genetics,2
475,Decision Systems (United States),2
476,Columbia University Irving Medical Center,2
477,Children's Healthcare of Atlanta,2
478,University of Regensburg,2
479,University of British Columbia,2
480,University Malaya Medical Centre,2
481,Centro Rosarino de Estudios Perinatales,2
482,Radboud University Medical Center,2
483,Health Sciences Centre,2
484,Laboratoire des Sciences et Techniques de l’Information de la Communication et de la Connaissance,2
485,Albany Medical Center Hospital,2
486,Virginia Commonwealth University,2
487,University of Southern Denmark,2
488,The Alfred Hospital,2
489,Radboud University Nijmegen,2
490,National Institute of Development Administration,2
491,University of York,2
492,Kasem Bundit University,2
493,World Bank,2
494,Pokhara University,2
495,Cleveland Clinic Lerner College of Medicine,2
496,University of Fukui,2
497,University of the Philippines Manila,2
498,University of Münster,2
499,Universität Hamburg,2
500,University Medical Center Hamburg-Eppendorf,2
501,University of Manchester,2
502,The Ohio State University,2
503,Shanghai University,2
504,Ghent University Hospital,2
505,Istanbul University,2
506,Chelsea and Westminster Hospital,2
507,Gleneagles Hospital,2
508,National University Hospital,2
509,The Royal College Of Anesthesiologists Of Thailand,2
510,Mario Negri Institute for Pharmacological Research,2
511,Beijing YouAn Hospital,2
512,Hirosaki University,2
513,Gachon University Gil Medical Center,2
514,Kyungpook National University,2
515,Japan Research Institute,2
516,Kiel University,2
517,Dalhousie University,2
518,University of Akron,2
519,Chonnam National University Hwasun Hospital,2
520,University of Shanghai for Science and Technology,2
521,Toyota Technological Institute,2
522,Wake Forest University,2
523,National Institutes of Natural Sciences,2
524,Icahn School of Medicine at Mount Sinai,2
525,Klinik für Frauenheilkunde,2
526,Universidade Federal do Paraná,2
527,Centro de Investigación Biomédica en Red,2
528,University of Pretoria,2
529,Institute of Computing Technology,2
530,ETH Zurich,2
531,National Center For Child Health and Development,2
532,Pitié-Salpêtrière Hospital,2
533,Institut Gustave Roussy,2
534,Beijing Institute of Technology,2
535,Palmetto Hematology Oncology,2
536,Universidade de São Paulo,2
537,Hospital Civil de Guadalajara,2
538,Universidad de Guadalajara,2
539,Boehringer Ingelheim (Germany),2
540,Université de Bretagne Occidentale,2
541,Max Planck Institute for Infection Biology,2
542,The University of Texas at Arlington,2
543,Lappeenranta-Lahti University of Technology,2
544,Bangabandhu Sheikh Mujib Medical University,2
545,York University,2
546,King Saud University,2
547,Sukhothai Thammathirat Open University,2
548,Myanmar Oxford Clinical Research Unit,2
549,Ann Arbor Center for Independent Living,2
550,Raja Isteri Pengiran Anak Saleha Hospital,2
551,Groupe de Recherche Clinique en Neuro-urologie,2
552,The University of Texas at Austin,2
553,Thammasat University Hospital,2
554,Victoria University of Wellington,2
555,Office of the Higher Education Commission,2
556,University of Warwick,2
557,University of East Anglia,2
558,University of Buenos Aires,2
559,The Francis Crick Institute,2
560,Otto-von-Guericke University Magdeburg,2
561,Mae Fah Luang University,2
562,Lindenwood University,2
563,Western University,2
564,Antwerp University Hospital,2
565,Charles Sturt University,2
566,Vienna Institute of Demography,2
567,Bumrungrad International Hospital,2
568,University Hospital of Bern,2
569,Délégation Paris 7,2
570,Université Paris Cité,2
571,Hôpital Paul-Brousse,2
572,Shanghai Institute of Hematology,2
573,Beijing Children’s Hospital,2
574,Research Institute for Tropical Medicine,2
575,Jawaharlal Nehru Centre for Advanced Scientific Research,1
576,Institut de Recherches sur la Catalyse et l'Environnement de Lyon,1
577,Honeywell (United States),1
578,University of the Western Cape,1
579,Mitsubishi Group (Japan),1
580,Wellcome Centre for Human Genetics,1
581,Mitsubishi Gas Chemical (Japan),1
582,California Institute for Regenerative Medicine,1
583,Citigroup,1
584,Procter & Gamble (United States),1
585,Lancaster University,1
586,Sydney South West Area Health Service,1
587,Institut des Cellules Souches pour le Traitement et l'Étude des Maladies Monogéniques,1
588,Institut Mines-Télécom,1
589,Kōchi University,1
590,Scripps Research Institute,1
591,WiCell,1
592,University of South Carolina Sumter,1
593,Bioprocessing Technology Institute,1
594,Palo Alto Research Center,1
595,Tenshi Hospital,1
596,University of Veterinary Medicine Vienna,1
597,Fort Leavenworth Unified School District 207,1
598,Health Sciences University of Hokkaido,1
599,Tokyo Women's Medical University,1
600,Carnegie Mellon University,1
601,Institute of Materials Research and Engineering,1
602,University of Tsukuba Hospital,1
603,Whitehead Institute for Biomedical Research,1
604,Amrita Institute of Medical Sciences and Research Centre,1
605,Leipzig University,1
606,Nanomaterials Research (United States),1
607,Ohta Nishinouchi Hospital,1
608,Slovak University of Technology in Bratislava,1
609,Fukuoka University,1
610,Asahikawa Medical University,1
611,Lunenfeld-Tanenbaum Research Institute,1
612,University of Tennessee at Knoxville,1
613,Jackson Laboratory,1
614,Infosys (India),1
615,Leiden University,1
616,Illawarra Health and Medical Research Institute,1
617,National Research Centre for the Working Environment,1
618,University of Gävle,1
619,University of Waterloo,1
620,Siam University,1
621,Masaryk University,1
622,Gävle Hospital,1
623,Keimyung University,1
624,Netherlands Center for Occupational Diseases,1
625,Keimyung University Dongsan Medical Center,1
626,Soochow University,1
627,National Institute of Biomedical Innovation,1
628,McGill University and Génome Québec Innovation Centre,1
629,Health and Nutrition,1
630,Life & Brain (Germany),1
631,National Institute for Biological Standards and Control,1
632,ZHAW Zurich University of Applied Sciences,1
633,University of Wollongong,1
634,Genomics (United Kingdom),1
635,National Health Service,1
636,Adan Hospital,1
637,Medical Research Council,1
638,Rainbow Children's Hospital,1
639,Philippine Medical Association,1
640,United States Pharmacopeial Convention,1
641,Royal North Shore Hospital,1
642,University Hospital of Geneva,1
643,Hebrew University of Jerusalem,1
644,ARC Centre of Excellence for Electromaterials Science,1
645,University of Southampton,1
646,Kameda Medical Center,1
647,German Center for Neurodegenerative Diseases,1
648,Portland State University,1
649,Defence Science and Technology Group,1
650,Walailak University,1
651,Ministry of Food and Drug Safety,1
652,Roslin Cells (United Kingdom),1
653,Générale de Santé,1
654,Kurume University,1
655,Shanghai Chest Hospital,1
656,Rajamangala University of Technology Suvarnabhumi,1
657,Dr. Shroff’s Charity Eye Hospital,1
658,Uttaradit Rajabhat University,1
659,Vachira Phuket Hospital,1
660,Cardiff University,1
661,Harvard Stem Cell Institute,1
662,Government of Thailand,1
663,Guangdong General Hospital,1
664,Guangdong Academy of Medical Sciences,1
665,Beijing Chest Hospital,1
666,Kumamoto University Hospital,1
667,Sunnybrook Health Science Centre,1
668,Tongji University,1
669,Shanghai Pulmonary Hospital,1
670,University of Asia and the Pacific,1
671,Assumption University,1
672,Universitas Dr. Soetomo,1
673,Virginia Mason Medical Center,1
674,Eastern Hepatobiliary Surgery Hospital,1
675,Materials Systems (United States),1
676,Princess of Naradhiwas University,1
677,Hanoi,1
678,Cancer Hospital Lopburi,1
679,Department of Disease Control,1
680,Muban Chombueng Rajabhat University,1
681,Instituto Ecuatoriano de Enfermedades Digestivas,1
682,Nagoya City University,1
683,Adult and Pediatric Dermatology,1
684,Indiana University Hospital,1
685,ENT and Allergy,1
686,Saarland University,1
687,Kanagawa Institute of Technology,1
688,Martin Luther University Halle-Wittenberg,1
689,St. George's University,1
690,The Ohio State University Wexner Medical Center,1
691,Universitas Kristen Indonesia,1
692,Linkou Chang Gung Memorial Hospital,1
693,University of Memphis,1
694,De La Salle University,1
695,Nara Medical University Hospital,1
696,Walden University,1
697,Vietnam National University,1
698,University of Iowa Hospitals and Clinics,1
699,Ajou University Hospital,1
700,Providence College,1
701,Brown University,1
702,CK-CARE,1
703,Tokyo Metropolitan Institute of Gerontology,1
704,Kumamoto University,1
705,University of Louisiana at Lafayette,1
706,Nvidia (United Kingdom),1
707,AXO Science (France),1
708,Murdoch University,1
709,University of Veterinary Medicine,1
710,Yokohama City University,1
711,Stallergenes Greer (France),1
712,Aichi Human Service Center,1
713,Hamamatsu University School of Medicine,1
714,Dokkyo Medical University Saitama Medical Center,1
715,Hôpital Privé Jean Mermo,1
716,Saitama Children's Medical Center,1
717,Foundation,1
718,Yamagata University,1
719,Xerox (France),1
720,University of Veterinary Medicine Hannover,1
721,Tokyo Dental College Ichikawa General Hospital,1
722,Augusta University,1
723,Division of Mathematical Sciences,1
724,Medical University of South Carolina,1
725,Medical University of Białystok,1
726,National Institute of Technology and Evaluation,1
727,Wonkwang University,1
728,Walter and Eliza Hall Institute of Medical Research,1
729,Illinois Department of Natural Resources,1
730,Biomedical Research Networking Center on Neurodegenerative Diseases,1
731,National Chung Cheng University,1
732,Center for Cancer Research,1
733,Instituto Nacional de Cancerología,1
734,Reliance Industries (India),1
735,University of Limpopo,1
736,Sefako Makgatho Health Sciences University,1
737,Wayne State University,1
738,Howard University,1
739,Ehime University,1
740,Australian Institute of Marine Science,1
741,NTT (Japan),1
742,Max Planck Society,1
743,Nagoya Institute of Technology,1
744,University of Lisbon,1
745,Shinshu University,1
746,European Institute of Oncology,1
747,New York Stem Cell Foundation,1
748,Futures Group (United States),1
749,University of West Florida,1
750,RIKEN Center for Advanced Photonics,1
751,Wuhan University,1
752,Samsung (South Korea),1
753,Presbyterian Hospital,1
754,Thai-Nichi Institute of Technology,1
755,JDSU (United States),1
756,Meiji Pharmaceutical University,1
757,Sam Houston State University,1
758,Central Queensland University,1
759,Japan International Cooperation Agency,1
760,Genetics and IVF Institute,1
761,Shodair Children's Hospital,1
762,UCL Australia,1
763,San Jose State University,1
764,Statistics Canada,1
765,University of Montana,1
766,Royal Forest Department,1
767,Yamaguchi University,1
768,Biotechnology Institute,1
769,Czech Academy of Sciences,1
770,Institute of Microbiology,1
771,Institute of Molecular Biology and Biophysics,1
772,Sanda University,1
773,Max Planck Institute for Demographic Research,1
774,Japan Institute of Leather Research,1
775,Osaka City University,1
776,Kitasato Institute Hospital,1
777,University of Northern Iowa,1
778,Universitas Gadjah Mada,1
779,University of Peradeniya,1
780,University of Shizuoka,1
781,ADA University,1
782,Laboklin (Germany),1
783,Jilin University,1
784,Queen's University Belfast,1
785,National Medical Research Center of Dentistry and Maxillofacial Surgery,1
786,Monash University Malaysia,1
787,University of Verona,1
788,Faculty of Public Health,1
789,Western Michigan University,1
790,National Cheng Kung University,1
791,Faculdade de Ciências Médicas da Santa Casa de São Paulo,1
792,Universidade Federal de São Paulo,1
793,Medical University Plovdiv,1
794,Cochrane,1
795,Institute of Mental Health,1
796,Navamindradhiraj University,1
797,Vajira Hospital,1
798,University of Florence,1
799,University of Connecticut,1
800,Collaborative Research Group,1
801,Tribhuvan University Teaching Hospital,1
802,Max Planck Institute for Evolutionary Anthropology,1
803,Oxford Archaeology,1
804,University of Vienna,1
805,Virginia Tech,1
806,Adıyaman University,1
807,University of Richmond,1
808,London School of Economics and Political Science,1
809,Chiang Mai Rajabhat University,1
810,Statistics Austria,1
811,Phetchaburi Rajabhat University,1
812,The State University of New Jersey,1
813,University of Electro-Communications,1
814,Rutgers,1
815,University of Greenwich,1
816,Birkbeck,1
817,Ho Chi Minh City University of Technology,1
818,Kyoto Katsura Hospital,1
819,University of Dhaka,1
820,International Peace Institute,1
821,Austrian Academy of Sciences,1
822,University of Sussex,1
823,Northern University of Malaysia,1
824,Durham University,1
825,National Economics University,1
826,University of New England,1
827,Ho Chi Minh City Open University,1
828,Peptide Institute (Japan),1
829,Kyoto Pharmaceutical University,1
830,Haskins Laboratories,1
831,Hong Kong Baptist University,1
832,Hong Kong University of Science and Technology,1
833,Institute for the Promotion of Teaching Science and Technology,1
834,Australian Institute of Business,1
835,Ball State University,1
836,University of Valley Forge,1
837,Bond University,1
838,University of Nebraska–Lincoln,1
839,University of Languages and International Studies,1
840,Institute of Development Studies,1
841,Nepal Academy of Science and Technology,1
842,Public Health Service of Amsterdam,1
843,City University of New York,1
844,Alcohol Research Group,1
845,University of Exeter,1
846,Edith Cowan University,1
847,Universidad Nacional,1
848,Ministry of Science and Technology,1
849,Royal University of Phnom Penh,1
850,San Raffaele University of Rome,1
851,Ifremer,1
852,University of Regina,1
853,Institut National de la Recherche Agronomique,1
854,Danish Cancer Society,1
855,Fred Hutch Cancer Center,1
856,Hospital General de México,1
857,Institute of Cancer Research,1
858,Sheba Medical Center,1
859,Kaiser Permanente,1
860,Institute of Oncology Ljubljana,1
861,Loma Linda University,1
862,Rajamangala University of Technology Phra Nakhon,1
863,The Honourable Society of Lincoln's Inn,1
864,Mylan (Switzerland),1
865,Tumori Foundation,1
866,Health and Human Development (2HD) Research Network,1
867,The Netherlands Cancer Institute,1
868,University of Hohenheim,1
869,Oklahoma State Department of Health,1
870,Shanghai Cancer Institute,1
871,Shanghai Institute of Planned Parenthood Research,1
872,Indian Institute of Technology Guwahati,1
873,Tianjin Medical University Cancer Institute and Hospital,1
874,Southern California University for Professional Studies,1
875,Human Genome Sciences (United States),1
876,Beihang University,1
877,Toyohashi University of Technology,1
878,Unité de Nutrition Humaine,1
879,Cancer Center of Hawaii,1
880,Hospital Sultanah Bahiyah,1
881,Government of the United Kingdom,1
882,University of Tsukuba,1
883,National Institutes for Food and Drug Control,1
884,Rajamangala University of Technology Rattanakosin,1
885,Institute of Zoology,1
886,University Children's Hospital Zurich,1
887,Kantonsspital Aarau,1
888,PTT Public Company Limited (Thailand),1
889,Innsbruck Medical University,1
890,Children's Hospital of Philadelphia,1
891,Sandia National Laboratories,1
892,Jamia Millia Islamia,1
893,North Carolina State University,1
894,University of Groningen,1
895,Natural History Museum Aarhus,1
896,Colorado School of Mines,1
897,Thailand Center of Excellence in Physics,1
898,Taiyuan University of Technology,1
899,University of America,1
900,Catholic University of America,1
901,BC Cancer Agency,1
902,MRC Biostatistics Unit,1
903,University of Massachusetts Amherst,1
904,SPring-8,1
905,Japan Synchrotron Radiation Research Institute,1
906,Vrije Universiteit Amsterdam,1
907,Fondation Jérôme-Lejeune,1
908,Greater Baltimore Medical Center,1
909,Uganda Management Institute,1
910,Jinja Hospital,1
911,University of Tehran,1
912,RMIT University,1
913,Shandong Agricultural University,1
914,University of Łódź,1
915,Barwon Health,1
916,Tulane University,1
917,New School,1
918,Instituto Nacional de Salud del Niño,1
919,NewSchool of Architecture and Design,1
920,Parsons School of Design,1
921,Southern Cross University,1
922,Oxford Policy Management,1
923,Umeå University,1
924,Graduate School USA,1
925,Showa University,1
926,Binghamton University,1
927,University of Dundee,1
928,Centre de Biologie Structurale,1
929,Greenwood Genetic Center,1
930,Sidi Mohamed Ben Abdellah University,1
931,RIKEN Center for Sustainable Resource Science,1
932,Plant & Food Research,1
933,Institute of Physics,1
934,Indiana University,1
935,Chevron (United States),1
936,Tianjin University,1
937,University of California Davis Medical Center,1
938,Collaborative Innovation Center of Chemical Science and Engineering Tianjin,1
939,Gyeongsang National University,1
940,Waseda University,1
941,Diponegoro University,1
942,UC Davis Health System,1
943,Tokyo University of Agriculture and Technology,1
944,Centre Hospitalier Universitaire Hassan II,1
945,Quality Research,1
946,Severtsov Institute of Ecology and Evolution,1
947,Shanghai First People's Hospital,1
948,Hebei North University,1
949,Pacific Biosciences (United States),1
950,Shahid Beheshti University,1
951,Christian Medical College,1
952,Universitätsmedizin Göttingen,1
953,Florida International University,1
954,University of Kigali,1
955,Tata Memorial Hospital,1
956,Ospedale di Monfalcone,1
957,Rumah Sakit Umum Pusat Nasional Dr. Cipto Mangunkusumo,1
958,National Institute for Parasitic Diseases,1
959,Chung-Ang University,1
960,University of Bergamo,1
961,Unified Szent István and Szent László Hospital,1
962,Comprehensive Clinical Research,1
963,Janssen (Netherlands),1
964,Chongqing Normal University,1
965,Irvine,1
966,Armed Forces Research Institute of Medical Science,1
967,China Medical University,1
968,Southern Medical University,1
969,Bengbu Medical College,1
970,Yunnan Institute of Parasitic Diseases,1
971,Kunming Medical University,1
972,China Agricultural University,1
973,Helios Salud,1
974,Mount Medical Centre,1
975,University of Bern,1
976,Institute of Social and Preventive Medicine,1
977,Ben-Gurion University of the Negev,1
978,University of Ottawa,1
979,University Gastroenterology,1
980,Medicines for Malaria Venture,1
981,Instituto Nacional de Enfermedades Neoplásicas,1
982,University of Chicago Medical Center,1
983,Gangneung–Wonju National University,1
984,Tehran University of Medical Sciences,1
985,Cancer Council Australia,1
986,Cancer Council NSW,1
987,Colorado School of Public Health,1
988,National Health Laboratory Service,1
989,Kure Kyosai Hospital,1
990,McMaster University Medical Centre,1
991,Hospital Juárez de México,1
992,Central University of Venezuela,1
993,Hospital Universitari Germans Trias i Pujol,1
994,University of Puerto Rico at Río Piedras,1
995,Office of Infectious Diseases,1
996,Chonnam National University Hospital,1
997,Shanghai Children's Hospital,1
998,Universiti Putra Malaysia,1
999,National University Heart Centre Singapore,1
1000,National Cancer Center Hospital East,1
1001,Xijing Hospital,1
1002,Portland VA Medical Center,1
1003,Oregon Health & Science University,1
1004,Gene Therapy Laboratory,1
1005,Saint Petersburg State Pediatric Medical University,1
1006,Caucaseco Scientific Research Center,1
1007,Arcispedale Sant'Anna,1
1008,University of Ferrara,1
1009,José R. Reyes Memorial Medical Center,1
1010,National Skin Centre,1
1011,Universidad Autónoma de Nuevo León,1
1012,Toranomon Hospital,1
1013,Pontificia Universidad Católica de Chile,1
1014,University of Szeged,1
1015,New Delhi Tuberculosis Center,1
1016,University of Antwerp,1
1017,Harrogate and District NHS Foundation Trust,1
1018,Hospital Universitario Fundación Alcorcón,1
1019,University Hospital Frankfurt,1
1020,Goethe University Frankfurt,1
1021,Instituto de Cancerología Las Américas,1
1022,University Health System,1
1023,Soonchunhyang University,1
1024,United States Department of Health and Human Services,1
1025,Regional Children's Clinical Hospital No. 1,1
1026,Texas Tech University,1
1027,Texas Tech University Health Sciences Center,1
1028,Center for Diagnosis and Research on Alzheimer's Disease,1
1029,Jewish General Hospital,1
1030,Institut Universitaire de Gériatrie de Montréal,1
1031,Concordia University,1
1032,Peter Doherty Institute,1
1033,City of Hope,1
1034,Universitätsklinikum Erlangen,1
1035,Royal Manchester Children's Hospital,1
1036,University of Pavia,1
1037,Russian Children's Clinical Hospital,1
1038,City Clinical Hospital,1
1039,Hospital General de Niños Ricardo Gutierrez,1
1040,Primary Children's Hospital,1
1041,Ronald Reagan UCLA Medical Center,1
1042,Palacký University Olomouc,1
1043,Ospedale Regina Margherita,1
1044,Research Triangle Park Foundation,1
1045,Gilead Sciences (United Kingdom),1
1046,Chelsea and Westminster Hospital NHS Foundation Trust,1
1047,Hospital de Egas Moniz,1
1048,St. Mary's Hospital,1
1049,Respiratory and Meningeal Pathogens Research Unit,1
1050,Israel Ministry of Health,1
1051,Instituto Adolfo Lutz,1
1052,Hospital Clínico San Carlos,1
1053,Glasgow Royal Infirmary,1
1054,Western General Hospital,1
1055,Oslo University Hospital,1
1056,Universidade Nova de Lisboa,1
1057,Innovative Research (United States),1
1058,Center for Global Health,1
1059,Universidade Federal de Goiás,1
1060,Stony Brook School,1
1061,Universitat de Barcelona,1
1062,Institut de Recherches Médicales et d’Etudes des Plantes Médicinales,1
1063,University of Tartu,1
1064,University of Venda,1
1065,Public Health Agency of Canada,1
1066,Simon Fraser University,1
1067,Blood Systems Research Institute,1
1068,Botswana Harvard AIDS Institute Partnership,1
1069,National Medical Center,1
1070,Programme PAC-CI,1
1071,University College Dublin,1
1072,Department of Virology,1
1073,Hôpital Bichat-Claude-Bernard,1
1074,Grant Medical College and Sir Jamshedjee Jeejeebhoy Group of Hospitals,1
1075,Université de Bordeaux,1
1076,Hôpital Necker-Enfants Malades,1
1077,Nagoya Medical Center,1
1078,National Hospital Organization,1
1079,Instituto Ramón y Cajal de Investigación Sanitaria,1
1080,Hospital Universitario Ramón y Cajal,1
1081,Kanazawa University,1
1082,Uganda Virus Research Institute,1
1083,Wuhan Institute of Virology,1
1084,Institute of Human Virology,1
1085,National AIDS Research Institute,1
1086,Institut de Recherche pour le Développement,1
1087,International AIDS Vaccine Initiative,1
1088,University of Belgrade,1
1089,Community Research Initiative,1
1090,Chang Gung Memorial Hospital,1
1091,University Kebangsaan Malaysia Medical Centre,1
1092,Docencia y Prevención del Cáncer,1
1093,Université de Lorraine,1
1094,Frankston Hospital,1
1095,Complejo Hospitalario de Salamanca,1
1096,Hôpitaux Universitaires Henri-Mondor,1
1097,Odense University Hospital,1
1098,Centre Hospitalier Universitaire de Reims,1
1099,Université de Reims Champagne-Ardenne,1
1100,North Shore Hospital,1
1101,Helsinki University Hospital,1
1102,Institut Bergonié,1
1103,Centre Hospitalier Universitaire Dijon Bourgogne,1
1104,Instituto Português de Oncologia Francisco Gentil,1
1105,Centre Léon Bérard,1
1106,Fundación para la Investigación,1
1107,CHU Dinant Godinne UCL Namur,1
1108,Asklepios Klinik Altona,1
1109,University of Calgary,1
1110,George Institute for Global Health,1
1111,Singapore Maritime Institute,1
1112,Leeds Teaching Hospitals NHS Trust,1
1113,University of Leicester,1
1114,Renal Research Institute,1
1115,Ospedale Papa Giovanni XXIII,1
1116,Hospital São Paulo,1
1117,Fondazione IRCCS Istituto Nazionale dei Tumori,1
1118,Saratov State Medical University,1
1119,CRUK Lung Cancer Centre of Excellence,1
1120,Barts Health NHS Trust,1
1121,St Bartholomew's Hospital,1
1122,Hôpital Maisonneuve-Rosemont,1
1123,Institut Paoli-Calmettes,1
1124,University Hospital Hradec Králové,1
1125,Charles University,1
1126,Ghent University,1
1127,Hamilton Health Sciences,1
1128,Chris Hani Baragwanath Hospital,1
1129,Kuwait University,1
1130,University Teaching Hospital of Yaounde,1
1131,Pacific Rim Electrophysiology Research Institute,1
1132,Cancer Research UK,1
1133,Hull York Medical School,1
1134,Instituto de Investigação Científica Tropical,1
1135,Sindh Institute of Urology and Transplantation,1
1136,Bombay Hospital,1
1137,Chuncheon Sacred Heart Hospital,1
1138,Hallym University,1
1139,Hôpital Beaujon,1
1140,Tongji Hospital,1
1141,Global Hospitals,1
1142,Hospital Selayang,1
1143,Hospital de Clínicas Universidade Federal do Paraná,1
1144,Centre hospitalier universitaire de Québec,1
1145,DDL Diagnostic Laboratory,1
1146,Lilly (China),1
1147,University of San Diego,1
1148,Burnet Institute,1
1149,Australian Regenerative Medicine Institute,1
1150,Nutrition and Indigenous Medicine,1
1151,Documentation Center of Cambodia,1
1152,Max Delbrück Center,1
1153,University of Madras,1
1154,Lyon College,1
1155,Peter MacCallum Cancer Centre,1
1156,Institute of Hematology & Blood Diseases Hospital,1
1157,Ospedale di Santo Spirito,1
1158,Kyung Hee University East-West Neo Medical Center,1
1159,Institució Catalana de Recerca i Estudis Avançats,1
1160,United States Agency for International Development,1
1161,Hospital for Sick Children,1
1162,University of Virginia,1
1163,Queen Elizabeth II Medical Centre,1
1164,University of Alabama at Birmingham,1
1165,Westmead Institute,1
1166,Duke University Hospital,1
1167,Duke Medical Center,1
1168,Harvard–MIT Division of Health Sciences and Technology,1
1169,Howard Hughes Medical Institute,1
1170,Solve ME/CFS Initiative,1
1171,Ragon Institute of MGH,1
1172,MIT and Harvard,1
1173,Asociación Civil Impacta Salud y Educación,1
1174,IrsiCaixa,1
1175,Nantes Université,1
1176,Wenzhou Medical University,1
1177,First Affiliated Hospital of Wenzhou Medical University,1
1178,Singapore Clinical Research Institute,1
1179,St George's,1
1180,Uniformed Services University of the Health Sciences,1
1181,Cancer Genetics (United States),1
1182,University of Colorado Cancer Center,1
1183,Tokyo University of Science,1
1184,AstraZeneca (Canada),1
1185,Charing Cross Hospital,1
1186,Kangbuk Samsung Hospital,1
1187,Kyungpook National University Hospital,1
1188,Chungnam National University Hospital,1
1189,Chonnam National University,1
1190,Instituto de Investigación Nutricional,1
1191,Universidad Nacional Autónoma de Nicaragua-León,1
1192,Inter-American Development Bank,1
1193,Instituto Nacional de Salud Pública,1
1194,Instytut Hematologii i Transfuzjologi,1
1195,Queen Elizabeth II Health Sciences Centre,1
1196,Beijing Chao-Yang Hospital,1
1197,Valencia Catholic University Saint Vincent Martyr,1
1198,Centro de Investigación del Cáncer,1
1199,Instituto de Investigación Biomédica de Salamanca,1
1200,Universidad de Salamanca,1
1201,University of Delhi,1
1202,Jaslok Hospital,1
1203,Iwate Medical University,1
1204,City of Cape Town,1
1205,Hospital Nossa Senhora da Conceição,1
1206,St. James's Hospital,1
1207,Somerset Hospital,1
1208,Instituto de Infectologia Emílio Ribas,1
1209,"Hospital de Clínicas ""José de San Martín""",1
1210,Fundación Centro de Estudios Infectológicos,1
1211,Wojewódzki Szpital Zespolony,1
1212,University of Nebraska Medical Center,1
1213,Nagoya University Hospital,1
1214,University of Nairobi,1
1215,University of Ibadan,1
1216,Makerere University,1
1217,Abdou Moumouni University,1
1218,Clínica Sagrada Esperança,1
1219,University of Kinshasa,1
1220,Pakistan Institute of Medical Sciences,1
1221,Ministry of Health and Population,1
1222,Government of Nepal,1
1223,Cancer Research UK Manchester Institute,1
1224,St Olav's University Hospital,1
1225,Royal Victoria Hospital,1
1226,St. Luke's Medical Center,1
1227,Toronto Western Hospital,1
1228,Krembil Research Institute,1
1229,Krembil Foundation,1
1230,University of Kentucky,1
1231,Singapore Immunology Network,1
1232,Institute of Medical Biology,1
1233,UCSF Helen Diller Family Comprehensive Cancer Center,1
1234,Mylan (United States),1
1235,University of Freiburg,1
1236,Hospital Universitario Dexeus,1
1237,Biocon (India),1
1238,City Clinical Oncology Center,1
1239,Dnipropetrovsk State Medical Academy,1
1240,Republican Oncological Clinical Dispensary,1
1241,Century Health,1
1242,Gunma University,1
1243,Sumy State University,1
1244,HCG Cancer Centre,1
1245,Austin Health,1
1246,Hacettepe University,1
1247,Ospedale Maggiore,1
1248,King Faisal Specialist Hospital & Research Centre,1
1249,Beijing Friendship Hospital,1
1250,Chinese PLA General Hospital,1
1251,Mansoura University,1
1252,Third Affiliated Hospital of Sun Yat-sen University,1
1253,Shandong Provincial Hospital,1
1254,Ospedale Microcitemico,1
1255,Novartis (United States),1
1256,Abbott (United States),1
1257,World Health Organization Regional Office for South-East Asia,1
1258,Victorian Infectious Diseases Reference Laboratory,1
1259,National Centre for Clinical Research on Emerging Drugs,1
1260,King Edward Memorial Hospital Research Centre,1
1261,Menzies School of Health Research,1
1262,Mackay Memorial Hospital,1
1263,National Health Research Institutes,1
1264,Office of the Director,1
1265,University Medical Center HCMC,1
1266,Takeda (Japan),1
1267,Philippine Heart Center,1
1268,University Memory and Aging Center,1
1269,ChiangRai Prachanukroh Hospital,1
1270,National Institute of Mental Health,1
1271,National Center for HIV/AIDS,1
1272,Dermatology and STD,1
1273,Prapokklao Hospital,1
1274,Nakornping Hospital,1
1275,University of Missouri–St. Louis,1
1276,American Pharmacists Association,1
1277,Boston Children's Hospital,1
1278,GGz centraal,1
1279,National Institute of Health of Thailand,1
1280,Swedish University of Agricultural Sciences,1
1281,MRC Epidemiology Unit,1
1282,Dr. Mohan's Diabetes Specialities Centre,1
1283,Madras Diabetes Research Foundation,1
1284,Kuang Tien General Hospital,1
1285,Taichung Veterans General Hospital,1
1286,Uppsala University Hospital,1
1287,University of Bologna,1
1288,Twelfth Guangzhou City People's Hospital,1
1289,University of Vermont,1
1290,Shanghai Changzheng Hospital,1
1291,Montreal Clinical Research Institute,1
1292,Ulster Hospital,1
1293,Chung Shan Medical University Hospital,1
1294,Mahosot Hospital,1
1295,Calmette Hospital,1
1296,University of Health Science,1
1297,Udon Thani Hospital,1
1298,Michael E. DeBakey VA Medical Center,1
1299,Baylor College of Medicine,1
1300,National Cancer Centre Japan,1
1301,Fudan University Shanghai Cancer Center,1
1302,Peking University Cancer Hospital,1
1303,KPJ Ampang Puteri Specialist Hospital,1
1304,National University Cancer Institute,1
1305,Singapore,1
1306,Alderson Broaddus University,1
1307,Lou Ruvo Brain Institute,1
1308,Government Medical College,1
1309,The University of Texas Southwestern Medical Center,1
1310,Fortis Hospital,1
1311,National Institute for Public Health and the Environment,1
1312,Viroclinics Biosciences (Netherlands),1
1313,Lerdsin Hospital,1
1314,Centro de Investigación Biomédica en Red de Epidemiología y Salud Pública,1
1315,Centre for the AIDS Programme of Research in South Africa,1
1316,Universitair Ziekenhuis Brussel,1
1317,Vrije Universiteit Brussel,1
1318,St. Luke's-Roosevelt Hospital Center,1
1319,St Vincent's Clinic,1
1320,Oxford Brookes University,1
1321,Institute for Global Environmental Strategies,1
1322,Charles Darwin University,1
1323,S.P.E.C.I.E.S.,1
1324,State University of Jakarta,1
1325,Newark,1
1326,University Hospital,1
1327,Ajou University,1
1328,New York University,1
1329,Hospices Civils de Lyon,1
1330,Children's Medical Research Institute,1
1331,Queensland Children’s Medical Research Institute,1
1332,Northern Health,1
1333,The Royal Victorian Eye & Ear Hospital,1
1334,University Hospital Schleswig-Holstein,1
1335,University of Lübeck,1
1336,Gachon University Gil Hospital,1
1337,Navarre Institute of Health Research,1
1338,Universidade Federal do Triângulo Mineiro,1
1339,Universidade Federal do Piauí,1
1340,Faculdade de Medicina de São José do Rio Preto,1
1341,Robert Koch Institute,1
1342,University of Minnesota Medical Center,1
1343,Translational Genomics Research Institute,1
1344,Pulmonary and Critical Care Associates,1
1345,Fund for Scientific Research,1
1346,University of Miyazaki,1
1347,Vietnam National University of Agriculture,1
1348,Merck & Co.,1
1349,Inc.,1
1350,Rahway,1
1351,NJ,1
1352,USA (United States),1
1353,Decision Sciences (United States),1
1354,Celerion (United States),1
1355,Chulabhorn Graduate Institute,1
1356,Hyogo Medical University,1
1357,World Health Organization Regional Office for the Western Pacific,1
1358,Institut Pasteur du Cambodge,1
1359,Universidade do Estado do Amazonas,1
1360,Edinburgh Royal Infirmary,1
1361,Zhejiang University,1
1362,UiT The Arctic University of Norway,1
1363,UPMC Presbyterian,1
1364,University of Kansas Medical Center,1
1365,University of South Florida,1
1366,Sappasithiprasong Hospital,1
1367,Maharat Nakhon Ratchasima Hospital,1
1368,Royal Brompton Hospital,1
1369,Cairo University,1
1370,Ege University,1
1371,Ain Shams University,1
1372,North Karelia Central Hospital,1
1373,University Medical Center,1
1374,University Hospital and Clinics,1
1375,Herlev Hospital,1
1376,London School of Hygiene & Tropical Medicine,1
1377,Copenhagen University Hospital,1
1378,Centre Hospitalier Universitaire de Nîmes,1
1379,Memorial Sloan Kettering Cancer Center,1
1380,MRC Institute of Genetics and Molecular Medicine,1
1381,Korea University,1
1382,Hanyang University,1
1383,Institut Penyelidikan Veterinar,1
1384,King Edward Memorial Hospital and Seth G.S. Medical College,1
1385,Wuhan Union Hospital,1
1386,Tohoku University Hospital,1
1387,Ratchaburi Hospital,1
1388,Genome Institute of Singapore,1
1389,Singapore National Eye Center,1
1390,Singapore Eye Research Institute,1
1391,People's Hospital of Xinjiang Uygur Autonomous Region,1
1392,Sun Yat-sen Memorial Hospital,1
1393,First Affiliated Hospital of Xinjiang Medical University,1
1394,Xinjiang Medical University,1
1395,Newcastle University,1
1396,Akershus University Hospital,1
1397,St Thomas' Hospital,1
1398,King's College London,1
1399,Penn State Milton S. Hershey Medical Center,1
1400,National University of Malaysia,1
1401,Shanghai Medical College of Fudan University,1
1402,Memorial Hospital,1
1403,Hospital Universitário Clementino Fraga Filho,1
1404,German Institute of Human Nutrition,1
1405,University of Potsdam,1
1406,Women's and Children's Hospital,1
1407,Zoological Park Organization,1
1408,Yahoo (United Kingdom),1
1409,St.John's Medical College Hospital,1
1410,Shanghai Institute of Hypertension,1
1411,Ninewells Hospital,1
1412,Nepal Red Cross Society,1
1413,Liaquat National Hospital,1
1414,University of Birmingham,1
1415,Guy's and St Thomas' NHS Foundation Trust,1
1416,Wildlife Habitat Canada (Canada),1
1417,Bristol-Myers Squibb (Germany),1
1418,Second Xiangya Hospital of Central South University,1
1419,Central South University,1
1420,Xiangya Hospital Central South University,1
1421,First People's Hospital of Chongqing,1
1422,Southwest Hospital,1
1423,Army Medical University,1
1424,Beijing Tongren Hospital,1
1425,Kyoto Prefectural University of Medicine,1
1426,Sankara Nethralaya,1
1427,University of Siena,1
1428,Duke University,1
1429,Department of Genomes & Genetics,1
1430,Seoul Metropolitan Government,1
1431,Boramae Medical Center,1
1432,Isra University,1
1433,Institute of Ophthalmology,1
1434,Johns Hopkins Hospital,1
1435,National University Hospital of Iceland,1
1436,Science Applications International Corporation (United States),1
1437,Jackson Memorial Hospital,1
1438,Colorado Permanente Medical Group,1
1439,Lithuanian University of Health Sciences,1
1440,University Hospital Magdeburg,1
1441,University of Parma,1
1442,Riga East University Hospital,1
1443,Rabin Medical Center,1
1444,University of Padua,1
1445,Institut Pasteur in Ho Chi Minh City,1
1446,Patel Hospital,1
1447,Air Force Medical University,1
1448,Swiss HIV Cohort Study,1
1449,Churchill Hospital,1
1450,Drug Safety Research Unit,1
1451,Boehringer Ingelheim (United States),1
1452,Bellvitge University Hospital,1
1453,Program for Appropriate Technology in Health,1
1454,National Institute of Malaria Research,1
1455,Shoklo Malaria Research Unit,1
1456,Bill & Melinda Gates Foundation,1
1457,University of Iowa,1
1458,Friedrich-Alexander-Universität Erlangen-Nürnberg,1
1459,University of the Ryukyus,1
1460,Patan Hospital,1
1461,Hospital Universiti Sains Malaysia,1
1462,Medical University of Lublin,1
1463,Moorfields Eye Hospital,1
1464,University Hospital Heidelberg,1
1465,COMSATS University Islamabad,1
1466,King Khaled Eye Specialist Hospital,1
1467,Flinders Medical Centre,1
1468,University of Medicine Mandalay,1
1469,Asian Eye Institute,1
1470,Narayana Nethralaya,1
1471,New York Eye and Ear Infirmary,1
1472,Kobe City Medical Center General Hospital,1
1473,Tilganga Institute of Ophthalmology,1
1474,Oxford University Hospitals NHS Trust,1
1475,Kim's Eye Hospital,1
1476,Konyang University,1
1477,University of Turin,1
1478,Miyata Eye Hospital,1
1479,First Hospital of Shijiazhuang,1
1480,Han Dan City Eye Hospital - The Third Hospital of Handan,1
1481,Xiamen University,1
1482,Anyang Eye Hospital,1
1483,Asian Hospital and Medical Center,1
1484,Aravind Eye Hospital,1
1485,Universidad de San Martín de Porres,1
1486,University of Tasmania,1
1487,North Okkalapa General Hospital,1
1488,Oxford University Clinical Research Unit,1
1489,Patan Academy of Health Sciences,1
1490,Centre of Excellence in Mathematics,1
